Genus,P_Value,P_Adjusted,Log2FC,Is_Significant
Blastococcus,7.501130600962139e-15,4.935743935433087e-12,4.138153032480824,True
Luteitalea,2.8894301596376496e-14,9.506225225207867e-12,4.789129122721247,True
Nocardioides,7.025277498727767e-14,1.3172274082476806e-11,4.559763431649174,True
Pirellula,8.007461448314168e-14,1.3172274082476806e-11,3.462008427171489,True
Pannonibacter,2.778250008384073e-13,3.65617701103344e-11,-8.737352794221922,True
Sumerlaea,3.822694463419212e-13,4.1922215948830693e-11,9.669140152344745,True
Flaviaesturariibacter,5.392783374554683e-13,5.069216372081402e-11,6.333264759488779,True
Neo-b11,1.2359800997342077e-12,1.0165936320313858e-10,-7.240402068023378,True
Rubritepida,3.5793217357693697e-12,2.378056207318168e-10,-5.922913628850989,True
Anaerosolibacter,3.614067184374115e-12,2.378056207318168e-10,-6.710927588189344,True
GTL1,5.230554262313574e-12,3.1288224587293924e-10,-6.601786542728056,True
Kallotenue,7.235024495464402e-12,3.662035475396597e-10,-10.368173354450706,True
Constrictibacter,7.2062007260269045e-12,3.662035475396597e-10,-6.472988344136824,True
Microlunatus,9.031298943663818e-12,4.2447105035219945e-10,-6.295770481570705,True
CL500-3,1.2631813370746626e-11,4.70015768068286e-10,-5.074562041495829,True
Candidatus Koribacter,1.2857574202475908e-11,4.70015768068286e-10,-6.394663009229528,True
Candidatus Paracaedibacter,1.2449445988367247e-11,4.70015768068286e-10,-5.716295686920028,True
alphaI cluster,1.2539925094947678e-11,4.70015768068286e-10,-7.003388418736134,True
Prosthecomicrobium,1.8904991716644296e-11,6.547097131343129e-10,-5.832937658803637,True
Terrisporobacter,2.2990325975412538e-11,7.563817245910725e-10,-6.733878543023664,True
PMMR1,2.7448141443660195e-11,8.600417652346862e-10,-8.300585635521085,True
Microcoleus Es-Yyy1400,3.225127842322615e-11,9.64606418294673e-10,-5.804395868969626,True
Phreatobacter,4.188375076230294e-11,1.198239478330232e-09,-6.585031875408609,True
Tagaea,4.9016194165965805e-11,1.343860656716896e-09,-8.04700384856179,True
Rhodobacter,5.2563787417692876e-11,1.3834788848336765e-09,-4.827044425724847,True
Micrococcus,6.805279553369554e-11,1.7222592100450642e-09,-7.193730350826731,True
Paramesorhizobium,7.90732153851724e-11,1.92704354531272e-09,-6.5795707179484495,True
Solibacillus,1.0334473082287492e-10,2.4286011743375607e-09,12.837353982109764,True
Candidatus Xiphinematobacter,1.1811829407645368e-10,2.5289378475060193e-09,-4.789847129588579,True
Mesorhizobium,1.172954762744641e-10,2.5289378475060193e-09,4.936921892274594,True
Pedococcus-Phycicoccus,1.225401413055754e-10,2.5289378475060193e-09,-5.260063914993708,True
Pseudarthrobacter,1.2298785884527754e-10,2.5289378475060193e-09,1.5876054537326967,True
CL500-29 marine group,1.347217041809669e-10,2.6072612162081243e-09,-5.610822869930601,True
Anaerobacterium,1.3225535848670112e-10,2.6072612162081243e-09,-4.715799578271341,True
Ciceribacter,1.5056703890297146e-10,2.8306603313758634e-09,-4.638512279021311,True
Magnetospirillum,1.6882200327167658e-10,3.0856910597989774e-09,-4.776701839343909,True
Anaerosporobacter,1.957918001847151e-10,3.4819190411227713e-09,-4.198344655067681,True
Aminobacter,2.034969351353585e-10,3.5237100873438393e-09,7.041762278364442,True
Lysobacter,2.7379247621768116e-10,4.619370496185493e-09,9.082566805618157,True
Asanoa,2.83102313229812e-10,4.657033052630407e-09,-7.447149912242874,True
Actinokineospora,4.593282882074432e-10,7.37165886928043e-09,-4.024085689758504,True
TM7a,5.058746913052198e-10,7.612430199450696e-09,-9.546900168469607,True
Agrococcus,4.909079292908646e-10,7.612430199450696e-09,-6.024082778180583,True
[Ruminococcus] torques group,5.090378856775541e-10,7.612430199450696e-09,-4.2628252497578965,True
OM27 clade,6.132461288338508e-10,8.967021172726085e-09,2.7216987023604773,True
Bacillus,6.524417477218377e-10,9.332753695673244e-09,12.051175801779152,True
Rhodovarius,8.02966733920429e-10,1.1241534274886007e-08,-3.717064210716004,True
Dietzia,8.36445968666308e-10,1.146628015380064e-08,-3.88771457601956,True
Sphaerospermopsis BCCUSP55,9.301106459283199e-10,1.2490057245323153e-08,-4.282848657664433,True
Sinomonas,1.2642647705751597e-09,1.6426438855778465e-08,-10.010537133417461,True
Paenisporosarcina,1.2731738322867807e-09,1.6426438855778465e-08,14.17018308835101,True
Hamadaea,1.4976370079822853e-09,1.8950868293314304e-08,-8.62595385412824,True
Prauserella,1.8113707920363333e-09,2.2488339267168063e-08,-5.491533802676667,True
Amaricoccus,3.585996485405853e-09,4.272251019911946e-08,7.252459450509717,True
Paenibacillus,3.50638555876849e-09,4.272251019911946e-08,13.53125051005302,True
Tabrizicola,3.6359583148186774e-09,4.272251019911946e-08,-3.4407569152643402,True
CENA518,3.865641568368944e-09,4.385503710322009e-08,-3.706616037689378,True
Chthonobacter,3.8625215915610936e-09,4.385503710322009e-08,-10.497749317669289,True
Candidatus Captivus,5.026003868880802e-09,5.605272111395878e-08,-3.4550314165149785,True
Anaerolinea,6.924787731921451e-09,7.594183879340524e-08,-3.263264909079947,True
Catelliglobosispora,7.192779785849588e-09,7.758769014900047e-08,-3.594466068713011,True
Gemmobacter,1.0550106253056949e-08,1.1196725668566891e-07,-3.1984000988718133,True
Oxobacter,1.220779730470498e-08,1.2750366073802977e-07,-3.562869164723626,True
Tepidisphaera,1.3897981468509294e-08,1.4288862197311119e-07,-6.815189848655978,True
Candidatus Finniella,1.4604406694389785e-08,1.4784153238320737e-07,-0.9758606071902308,True
Gemmata,1.512286691029102e-08,1.5077040040865897e-07,3.636231408052843,True
Microbacterium,1.561588330001086e-08,1.5336195837921112e-07,-8.691513152369826,True
Oscillochloris,1.6171512721340336e-08,1.5648316721532267e-07,-9.796297472835274,True
Marmoricola,2.015712241947756e-08,1.9222299350748167e-07,2.280940521581596,True
Dapisostemonum CCIBt 3536,2.2469859914226172e-08,2.053495531050114e-07,-3.2825532342293973,True
Harryflintia,2.2469859914226172e-08,2.053495531050114e-07,-3.2825532342293973,True
Nocardia,2.23211256437388e-08,2.053495531050114e-07,4.086409322603406,True
Pontibacter,2.3636172329002293e-08,2.130493341436097e-07,12.225727296619082,True
Pseudacidovorax,2.7298798361860843e-08,2.427379638122221e-07,-2.6339959168484235,True
Pseudosporangium,3.2242206031739785e-08,2.828716209184637e-07,-2.5511118689552648,True
Steroidobacter,3.636009415861185e-08,3.1237306869336645e-07,8.003964624085265,True
Tistrella,3.655429527262799e-08,3.1237306869336645e-07,-3.5922079489854206,True
Ramlibacter,4.1331389877852714e-08,3.486673658926549e-07,12.32716968191039,True
Skermanella,4.204201070513223e-08,3.5017269675920257e-07,1.7296218639967902,True
Sphaerobacter,4.754616693467994e-08,3.910672230377425e-07,-3.0376906131499397,True
Psychroglaciecola,5.4524610115438827e-08,4.4292831427109563e-07,-7.056561288438457,True
Anaerovorax,6.196268472298894e-08,4.966315027277971e-07,-2.525836353971931,True
Agromyces,6.264500718298961e-08,4.966315027277971e-07,12.93413887613003,True
Sandaracinus,8.231166831735045e-08,6.447747351525786e-07,9.297605323180228,True
Krasilnikovia,9.644932987456919e-08,7.301327319220173e-07,-2.2682368308921155,True
Lapillicoccus,9.653730650032752e-08,7.301327319220173e-07,-2.16079743467799,True
UCG-005,9.653730650032752e-08,7.301327319220173e-07,-2.16079743467799,True
Crenalkalicoccus,1.0025490857391268e-07,7.496332936549381e-07,-2.3055071612510725,True
Adhaeribacter,1.2919003721654089e-07,9.551353313312798e-07,11.322581607761013,True
Kocuria,1.4727277231365547e-07,1.0767276020265034e-06,-1.0702077363137872,True
Inquilinus,1.4932807827161693e-07,1.079756873656307e-06,-13.643088843397637,True
RD011,1.6202865002610998e-07,1.1463962550234448e-06,-2.0153372221527732,True
Acidaminobacter,1.6202865002610998e-07,1.1463962550234448e-06,-2.0153372221527732,True
Solirubrobacter,1.8630310903598518e-07,1.3041217632518964e-06,13.731033272237655,True
Arthrobacter,1.9206968349456786e-07,1.3303352814676384e-06,1.5204374009244406,True
Gemmatimonas,2.0417058053115874e-07,1.3994191873906507e-06,11.258713096263925,True
Rubrobacter,2.2363711563199397e-07,1.5170435266582682e-06,7.420707581367728,True
Modestobacter,2.2782470334103203e-07,1.5296801510040724e-06,9.487981835098722,True
Nannocystis,2.3968622523578196e-07,1.5930660222741871e-06,10.355465970719989,True
Thermomonas,2.757629622792579e-07,1.814520291797517e-06,9.735154292505602,True
Candidatus Entotheonella,3.098744074325411e-07,2.018785743471406e-06,4.29069764374756,True
Azohydromonas,3.323113427779112e-07,2.143733956351623e-06,9.929206399288226,True
Ammoniphilus,3.363298231785271e-07,2.148592462635639e-06,12.348378571663543,True
Cohnella,3.9528255371345297e-07,2.5009223109947312e-06,10.99816642159325,True
Oxalicibacterium,5.300748682932687e-07,3.32180250797115e-06,10.421232654626781,True
Gaiella,5.656064165919521e-07,3.511028510542495e-06,13.237587750450981,True
Candidatus Nitrocosmicus,6.31583930726425e-07,3.883946041289605e-06,13.160004567134415,True
Flavisolibacter,6.791397025578699e-07,4.1377215211396146e-06,11.006797140766226,True
Chthoniobacter,7.509316398470354e-07,4.533146963480269e-06,11.882342778473076,True
Archangium,8.206505781809889e-07,4.908982549482643e-06,10.58103407362312,True
Pir4 lineage,8.726221144478503e-07,5.172841002762932e-06,7.4884712592944,True
Haliangium,1.068786253709472e-06,6.279119240543149e-06,11.382853356772097,True
Psychrobacillus,1.1780282807977842e-06,6.859669104114531e-06,8.441795917404907,True
Woeseia,1.8397472161764595e-06,1.0618891826702723e-05,12.380031090369334,True
Aeromicrobium,2.0541817955649404e-06,1.1753492360710702e-05,3.3609162386150264,True
Mycoplana,2.087386801332316e-06,1.1840521683419516e-05,1.9498989705169845,True
Brevibacillus,2.3138274117568796e-06,1.3012807153299373e-05,11.060787674997792,True
YC-ZSS-LKJ147,2.442472032840805e-06,1.361988642041737e-05,9.185663096828304,True
Saccharopolyspora,2.8471048126744817e-06,1.5742814846553014e-05,10.903526594074123,True
Nitrospira,3.1225722099851297e-06,1.7122104284751793e-05,11.255887601375083,True
Terribacillus,3.171696757519288e-06,1.7247739392129682e-05,10.527667542813745,True
Candidatus Nitrososphaera,3.5107106770292046e-06,1.8934816602337842e-05,12.785646708144053,True
Cellulosimicrobium,3.611661239972123e-06,1.932091947887526e-05,3.108757789224437,True
Pajaroellobacter,3.660087857862e-06,1.942207911671932e-05,9.399563604648772,True
Thermincola,3.718987494892756e-06,1.9576750173115464e-05,-4.632055061435822,True
Knoellia,4.071033126398408e-06,2.1259839660080574e-05,9.873641038461248,True
Hyphomicrobium,4.818775390672551e-06,2.4966568559547547e-05,9.586690467080778,True
Noviherbaspirillum,4.88720906382846e-06,2.5123309093743178e-05,11.42986403127897,True
Subgroup 10,5.219570630805336e-06,2.6623856395890783e-05,10.653074108578402,True
Opitutus,5.5183421607357335e-06,2.7931301090493176e-05,10.474044696165379,True
Lysinibacillus,5.831111828243567e-06,2.9067208962002024e-05,10.079073273676247,True
MND1,5.808122375719837e-06,2.9067208962002024e-05,12.177218764936196,True
Atopostipes,7.007624787540945e-06,3.365705919855432e-05,1.84659585959836,True
Natronobacillus,7.007624787540945e-06,3.365705919855432e-05,1.84659585959836,True
IS-44,7.007624787540945e-06,3.365705919855432e-05,1.84659585959836,True
Albibacter,7.007624787540945e-06,3.365705919855432e-05,1.84659585959836,True
Youngiibacter,7.007624787540945e-06,3.365705919855432e-05,1.84659585959836,True
Parviterribacter,8.972834447202369e-06,4.2783514972892454e-05,9.242091195180455,True
Gracilibacillus,9.843321088882467e-06,4.6596440838019164e-05,9.910321082711578,True
Xylophilus,9.947845833671388e-06,4.6754875418255525e-05,10.730206925004785,True
Domibacillus,1.0513586435567771e-05,4.9063403365982936e-05,9.837765233010453,True
Nordella,1.0713735718416886e-05,4.92981685504777e-05,-4.079428182270759,True
UTCFX1,1.0705732776512983e-05,4.92981685504777e-05,-3.577782329590225,True
Frankia,1.2325040601089613e-05,5.631858830220115e-05,-3.630933575765742,True
Myxococcus,1.2412681828102408e-05,5.6319607534161285e-05,8.919614075913476,True
Actinocorallia,1.2496447872321502e-05,5.6319607534161285e-05,1.3265730454867428,True
Niastella,1.2637371299887428e-05,5.656728105663897e-05,10.202559878533632,True
Tumebacillus,1.2754210287480002e-05,5.6704529521363793e-05,10.632114970839018,True
Ohtaekwangia,1.3121068992218431e-05,5.7944049643488105e-05,10.561242158176423,True
Telmatocola,1.4745100687583415e-05,6.468184168286591e-05,-3.69027689978114,True
Peredibacter,1.5382136131472203e-05,6.702944089078616e-05,9.299725138549956,True
Fimbriiglobus,1.622656585779641e-05,7.024394956861867e-05,8.41820467425374,True
Ellin6067,1.676096866254786e-05,7.208312013043459e-05,9.545080213091861,True
Chthonomonas,1.8803528494606292e-05,8.03423490224087e-05,-6.357173474828228,True
Acidibacter,1.9508594051771672e-05,8.281712829719846e-05,10.143795835626007,True
FFCH7168,2.1498868211804543e-05,9.068112361132942e-05,-4.10695381709587,True
RB41,2.191776051897333e-05,9.185914918142962e-05,11.532922893668445,True
Massilia,2.4421631001172773e-05,0.00010170527340994737,14.198998311084141,True
Oceanicella,2.5854212723753458e-05,0.00010699416334735708,9.623339507449156,True
Terrimonas,3.365302492361045e-05,0.00013839806499834796,10.764384319849508,True
Vicinamibacter,3.465570792290443e-05,0.00014163637151100073,4.080419669947808,True
Oceanobacillus,3.514890510524775e-05,0.00014276530592131494,10.468273986814824,True
Thermoflavimicrobium,3.596705431589096e-05,0.00014519215791322854,0.2759004396115511,True
Nitrosospira,3.7587781859109354e-05,0.00015080951502008508,8.826840311476692,True
SH-PL14,3.893114743264725e-05,0.0001552526970344357,8.64576517513787,True
Conexibacter,3.9360049554978227e-05,0.00015601754582635947,9.859542684359544,True
Streptomyces,4.1119478802321844e-05,0.00016201567096962738,-0.0631062060264713,True
UCG-012,4.75443160941583e-05,0.00018294830403483135,1.9558121872912808,True
Beutenbergia,4.75443160941583e-05,0.00018294830403483135,1.9558121872912808,True
Candidatus Regiella,4.75443160941583e-05,0.00018294830403483135,1.9558121872912808,True
Rhabdobacter,4.75443160941583e-05,0.00018294830403483135,1.9558121872912808,True
Limnobacter,5.177769146893625e-05,0.00019807977317767473,8.542115353407919,True
Lautropia,5.3682194688665815e-05,0.0002041785208389717,8.2284664940739,True
Cavicella,5.588606474370445e-05,0.0002089376738713496,2.2912376617643244,True
Segetibacter,5.588606474370445e-05,0.0002089376738713496,2.2912376617643244,True
Weissella,5.588606474370445e-05,0.0002089376738713496,2.2912376617643244,True
Craurococcus-Caldovatus,6.052288935278972e-05,0.0002249946960120657,-4.847098201602133,True
Pedomicrobium,6.141722213897282e-05,0.00022703669756991076,0.8684353354985728,True
Halobacillus,6.640028286027287e-05,0.0002440859559891595,8.646397724065874,True
Thermasporomyces,8.487067161291943e-05,0.0003068401204467087,1.9780597179147255,True
Filobacillus,8.487067161291943e-05,0.0003068401204467087,1.9780597179147255,True
Hyalangium,8.487067161291943e-05,0.0003068401204467087,1.9780597179147255,True
Pedobacter,8.784232027413729e-05,0.00031584834284361935,12.41990747506229,True
Arenimonas,9.850619113805252e-05,0.00035226670526542696,11.742255197845191,True
Byssovorax,0.00010709217501930646,0.00038090081709569535,2.7084376637582173,True
Daeguia,0.0001104580713394099,0.0003907602738781275,1.9751517335825273,True
Quadrisphaera,0.00011930272412342846,0.0004197483017567245,3.152806858319745,True
Caenimonas,0.00011992808621620699,0.0004197483017567245,10.165630628144003,True
Roseimicrobium,0.00013233720639396572,0.0004607295333715843,8.222702464275525,True
Blastocatella,0.0001424645251970034,0.0004933771451559381,-4.02336319228059,True
Kribbella,0.000148887851368273,0.0005115869314307576,2.3081925425780883,True
P3OB-42,0.000149277645645449,0.0005115869314307576,8.743534355333528,True
Fonticella,0.0001576727259301982,0.0005375577909951834,-3.64214323897025,True
Desulfotomaculum,0.00016749482838452744,0.0005681010158609229,-1.3895049898760943,True
Neorhizobium,0.00017231120866642395,0.0005814398733461895,11.16548833336123,True
Vulgatibacter,0.00017589372374965742,0.0005905003583024214,9.222887421858744,True
Phaselicystis,0.0001860455729847104,0.0006214111016443626,9.131685052627093,True
Abditibacterium,0.00018864490607178717,0.0006269108494708887,-3.588370860095535,True
Emticicia,0.000194948835621268,0.0006319031223585928,2.6306410657491406,True
Candidatus Amoebophilus,0.000194948835621268,0.0006319031223585928,2.6306410657491406,True
Erythrobacter,0.000194948835621268,0.0006319031223585928,2.6306410657491406,True
Epulopiscium,0.000194948835621268,0.0006319031223585928,2.6306410657491406,True
IMCC26207,0.000194948835621268,0.0006319031223585928,2.6306410657491406,True
Rickettsia,0.00019871995402864938,0.0006409692634845651,-0.3142708896191173,True
Hazenella,0.00021125392185773048,0.0006715221284173268,2.4111588024303767,True
Psychrobacter,0.00021125392185773048,0.0006715221284173268,2.4111588024303767,True
Arhodomonas,0.00021125392185773048,0.0006715221284173268,2.4111588024303767,True
Novibacillus,0.00021968194264908786,0.0006949553762649029,9.676027697527623,True
SZB85,0.00023493941860850814,0.0007396657293990352,8.99247390538015,True
Anaeromyxobacter,0.00024224051651497474,0.0007590202850802541,3.697819236565804,True
Rhodococcus,0.0002611881022983525,0.0008145107645133457,3.859417221927372,True
Baia,0.00026350347696522177,0.0008178551313354525,-2.3780542163640406,True
Litorilinea,0.000279362012315635,0.0008630056530689571,-5.063452954161143,True
Thalassobacillus,0.00029487223080111824,0.0009066632143324103,9.182511022428299,True
Promicromonospora,0.00031900655778037624,0.0009746223609944155,3.0307944804189932,True
Achromobacter,0.0003199368236698993,0.0009746223609944155,10.376496160924463,True
FukuN18 freshwater group,0.00032955748307614215,0.0009812163975751202,2.4354801204773295,True
Allostreptomyces,0.00032955748307614215,0.0009812163975751202,2.4354801204773295,True
SN8,0.00032955748307614215,0.0009812163975751202,2.4354801204773295,True
Ruminococcus,0.00032955748307614215,0.0009812163975751202,2.4354801204773295,True
Cephaloticoccus,0.00032955748307614215,0.0009812163975751202,2.4354801204773295,True
Bythopirellula,0.00035505827795719865,0.001024685731999284,2.382875785414487,True
Aquisphaera,0.00035505827795719865,0.001024685731999284,2.382875785414487,True
Clostridioides,0.00035505827795719865,0.001024685731999284,2.382875785414487,True
Erysipelatoclostridium,0.00035505827795719865,0.001024685731999284,2.382875785414487,True
Monoglobus,0.00035505827795719865,0.001024685731999284,2.382875785414487,True
Hephaestia,0.00035505827795719865,0.001024685731999284,2.382875785414487,True
Falsarthrobacter,0.00035505827795719865,0.001024685731999284,2.382875785414487,True
Chlorogloeopsis PCC-7518,0.0003569346059715483,0.001025602492267593,9.966802592163292,True
Mycobacterium,0.0003618584307905049,0.001035229771565879,-1.1879415719683875,True
Risungbinella,0.0003637073348756548,0.0010360148326761076,-1.7327760194829078,True
Pseudohongiella,0.00036863630268999057,0.00104552882400868,2.767874781222042,True
Thermopolyspora,0.0004056924887028247,0.0011216204099431036,2.4323030522127493,True
BD1-7 clade,0.0004056924887028247,0.0011216204099431036,2.4323030522127493,True
Sporomusa,0.0004056924887028247,0.0011216204099431036,2.4323030522127493,True
Microbulbifer,0.0004056924887028247,0.0011216204099431036,2.4323030522127493,True
Anaerosinus,0.0004056924887028247,0.0011216204099431036,2.4323030522127493,True
Paraherbaspirillum,0.0004056924887028247,0.0011216204099431036,2.4323030522127493,True
Niveitalea,0.0004163823358562508,0.0011415815708058876,2.247172537119371,True
Thermoactinospora,0.0004163823358562508,0.0011415815708058876,2.247172537119371,True
Georgenia,0.00045117608837891483,0.001231841768271062,8.35484614459019,True
Enhygromyxa,0.0004613735177480541,0.001254478407761238,8.22152125421698,True
Desulfofarcimen,0.0005327952330862167,0.0014079488488784363,1.9306043126542243,True
MM2,0.0005243413683765831,0.0014079488488784363,10.395273231333741,True
DEV008,0.0005327952330862167,0.0014079488488784363,1.9306043126542243,True
Leptolyngbya ANT.L52.2,0.0005276689940716105,0.0014079488488784363,8.816967463910842,True
ZOR0006,0.0005327952330862167,0.0014079488488784363,1.9306043126542243,True
Thermobispora,0.0005327952330862167,0.0014079488488784363,1.9306043126542243,True
Tissierella,0.0005327952330862167,0.0014079488488784363,1.9306043126542243,True
Persicitalea,0.0005543330430663446,0.0014474251680065666,2.7567426143894194,True
Aquabacter,0.0005543330430663446,0.0014474251680065666,2.7567426143894194,True
Ventosimonas,0.0005543330430663446,0.0014474251680065666,2.7567426143894194,True
Cellvibrio,0.0005896880403057433,0.0015336550613485342,10.073719648445694,True
Shimazuella,0.0006251056777047581,0.0016130177879597287,4.4844100147730925,True
Starkeya,0.0006227336507852256,0.0016130177879597287,-5.112461256067468,True
Clostridium sensu stricto 10,0.0006316692463637857,0.001623587359794418,-0.8638093181349229,True
Oligoflexus,0.0007244025354965545,0.0018546959858238635,7.970145589001242,True
Rhodocytophaga,0.0007464455503327697,0.0018963751819264958,10.221077438795971,True
Roseisolibacter,0.0007436214844157286,0.0018963751819264958,7.2046644758013345,True
Pseudosphingobacterium,0.0007778421396390435,0.001968538953394195,-1.2648834173121424,True
Labedaea,0.0008011300963206156,0.001974320611906236,2.7822528974773593,True
Sporocytophaga,0.0007922794796318757,0.001974320611906236,8.498680084453254,True
Procabacter,0.0008011300963206156,0.001974320611906236,2.7822528974773593,True
RS25G,0.0008011300963206156,0.001974320611906236,2.7822528974773593,True
Imperialibacter,0.0008011300963206156,0.001974320611906236,2.7822528974773593,True
Halomonas,0.0008011300963206156,0.001974320611906236,2.7822528974773593,True
OLB17,0.0007910946962927278,0.001974320611906236,-0.5621077066251505,True
Natranaerovirga,0.0008041915447413924,0.0019744702852232694,2.6800214050322446,True
Bosea,0.0008906943133056993,0.0021787243797589226,1.0922916132590386,True
Jatrophihabitans,0.0009073082988811774,0.002211143928384499,-3.6678621853029862,True
Alkalibacter,0.0009541881108215247,0.0022748397714513163,2.778921707014169,True
Rufibacter,0.0009541881108215247,0.0022748397714513163,2.778921707014169,True
Rurimicrobium,0.0009541881108215247,0.0022748397714513163,2.778921707014169,True
Desulfitibacter,0.0009445027742444485,0.0022748397714513163,3.0170482678448454,True
Afifella,0.0009541881108215247,0.0022748397714513163,2.778921707014169,True
Aggregicoccus,0.0009541881108215247,0.0022748397714513163,2.778921707014169,True
Saccharothrix,0.0009860504648831307,0.0023423148227187727,2.569670240678191,True
Sorangium,0.0009995909017495416,0.0023659381775222965,8.306579114568434,True
Polyangium,0.001024873510367363,0.0024170851964936376,8.313189139760919,True
Dactylosporangium,0.0010299187512810605,0.0024203090655104923,-4.755461551809712,True
Parachlamydia,0.0010564443735562852,0.002465036871631332,2.8725590588464804,True
Nostoc SAG 60.79,0.0010564443735562852,0.002465036871631332,2.8725590588464804,True
Pseudoxanthomonas,0.0010759622365468288,0.002501707249638916,9.86934611272811,True
Chitinophaga,0.0011366266705021963,0.002633451933769173,9.10136514716132,True
Panacagrimonas,0.0012085140391551587,0.002780427404769561,2.727108482856418,True
Garciella,0.0012085140391551587,0.002780427404769561,2.727108482856418,True
Desertibacter,0.0012200484993778844,0.0027971843644273445,-1.1401016007696463,True
Caulobacter,0.0013533679508727313,0.0030920698322022817,0.6019855350622483,True
Plantactinospora,0.001424179016344443,0.0032425944385973825,-4.547462839872924,True
Ammoniibacillus,0.0014370256705223997,0.003260561693805997,8.485932048453012,True
Desulfitobacterium,0.0014903454893997192,0.003324228244152594,2.383558522020066,True
Defluviitalea,0.0014903454893997192,0.003324228244152594,2.383558522020066,True
Thermaerobacter,0.0014903454893997192,0.003324228244152594,2.383558522020066,True
HN-HF0106,0.0014903454893997192,0.003324228244152594,2.383558522020066,True
Oceanisphaera,0.0014903454893997192,0.003324228244152594,2.383558522020066,True
Buttiauxella,0.0015177049980698422,0.003373817191655257,3.0616158691755957,True
Ilumatobacter,0.0015558455490971778,0.003446957479144589,-4.405645251381931,True
SM1A02,0.0016693997180986196,0.0036861242097613817,-3.817145935240245,True
Stenotrophobacter,0.0017379880792675387,0.003824736308220871,-4.2398998834954496,True
AKYG587,0.0017569959387125536,0.003853677758909534,-4.330380514288023,True
Ruminiclostridium,0.0019077612697540197,0.004170454868764602,-0.6418560513464874,True
Sphingosinicella,0.0021327259690737685,0.004631464315678349,3.5091919495027803,True
Dokdonella,0.0021327259690737685,0.004631464315678349,3.5091919495027803,True
Rhodopirellula,0.002144210969052236,0.004638824571348913,8.34477893696173,True
Luteimonas,0.002150215036871457,0.004638824571348913,9.262144472582786,True
P3OB-51,0.0021749169575051544,0.004676782215811737,3.2374884155529746,True
I-8,0.0021915660971566736,0.004697232872733196,-2.4991822729342204,True
SWB02,0.002256303330743163,0.0048202843884058485,-3.868110765224715,True
Terrimicrobium,0.0024210097235970365,0.005155418764164563,-5.077659600879838,True
Sporosarcina,0.002447002814062087,0.0051939608117833975,3.0866190182019606,True
Qipengyuania,0.002667540187072961,0.005643863161073981,1.7439546228218092,True
KD3-10,0.002712952474799425,0.005721547206468018,6.52301816267824,True
Sanguibacter-Flavimobilis,0.0028213529063161897,0.005912261822789977,3.4695863463273238,True
Methylopila,0.0028213529063161897,0.005912261822789977,3.4695863463273238,True
Sphingoaurantiacus,0.002883056593889641,0.006022384885013917,-3.6992293847315967,True
Amphiplicatus,0.0029430533395648295,0.006070624129886074,2.727767349357557,True
Lachnospiraceae NK4A136 group,0.0029430533395648295,0.006070624129886074,2.727767349357557,True
Thermostaphylospora,0.0029430533395648295,0.006070624129886074,2.727767349357557,True
Dethiobacter,0.0029430533395648295,0.006070624129886074,2.727767349357557,True
Sinobaca,0.002980493668427228,0.006071717751780545,3.664969190351723,True
Martelella,0.002980493668427228,0.006071717751780545,3.664969190351723,True
Actinomycetospora,0.002980493668427228,0.006071717751780545,3.664969190351723,True
Salana,0.002980493668427228,0.006071717751780545,3.664969190351723,True
Kineococcus,0.003059464171886827,0.0062133562503133705,0.8561057264947051,True
Sphingobium,0.0031380578307173682,0.006353360161883164,6.331815609504346,True
Haloplasma,0.0032249462778091023,0.006509247395087084,3.0373281518423596,True
Bdellovibrio,0.0032888664200630357,0.0066179636220228665,0.3509574762518241,True
Devosia,0.0033754640706715683,0.006771510239335036,2.048059983605498,True
Moheibacter,0.0034855389904179146,0.006971077980835829,3.758386994255449,True
Proteiniborus,0.003560696218112392,0.007099812459145315,3.0281892569549216,True
OLB13,0.00362966934961314,0.0072154756255149435,2.942699837930626,True
Bradyrhizobium,0.00367720080932666,0.007266060458068897,-3.5036034856774783,True
Lachnotalea,0.0036734319720908306,0.007266060458068897,3.5284943847201693,True
Irregularibacter,0.0036923355286943176,0.007274122089463656,3.275524597118819,True
Ellin517,0.003764098565588929,0.007393363749723926,7.737490391290758,True
Singulisphaera,0.0037998210064338566,0.0074413161375996364,7.039946262933904,True
Planococcus,0.003959872618520404,0.007686124433588277,3.805553325937033,True
Chiayiivirga,0.003959872618520404,0.007686124433588277,3.805553325937033,True
Jonesia,0.003959872618520404,0.007686124433588277,3.805553325937033,True
Phytohabitans,0.003975611162734132,0.00769397689729135,-4.160710409846009,True
Arboricoccus,0.004029353461394267,0.007775116063335565,3.4947784826467654,True
Vampirovibrio,0.00406286792575677,0.00781686285130981,3.344284406557423,True
E1B-B3-114,0.004083682549395283,0.007834003258023603,3.3741752691221674,True
Candidatus Ovatusbacter,0.0043991844627679026,0.00841471911773628,4.004335953125963,True
Planctopirus,0.004423427464761894,0.008436566005256017,3.7593777990767245,True
Sulfurifustis,0.004468168134866837,0.008497267724688956,3.666555408903113,True
Zavarzinella,0.004804839090584012,0.009111193434018098,0.12425185473816489,True
Xanthomonas,0.005020370948380447,0.009465341214998093,3.6733885561869286,True
Mariniflexile,0.005020370948380447,0.009465341214998093,3.6733885561869286,True
Pseudactinotalea,0.005060063819002291,0.009485817643599737,3.933646369143273,True
Edaphobaculum,0.005056959557760188,0.009485817643599737,7.503877642068037,True
Candidatus Nucleicultrix,0.005092365164095281,0.00951925078970084,3.663848989254373,True
Pseudomonas,0.005123464591089251,0.00952894540132708,6.981179618938349,True
Lacunisphaera,0.005126514699194205,0.00952894540132708,9.574144771751666,True
Limosilactobacillus,0.005497317029591732,0.0101893932548489,3.7705395850696237,True
Novosphingobium,0.005630940720040351,0.010381237659495932,-4.5129960640029445,True
Uliginosibacterium,0.005632373623769069,0.010381237659495932,3.669795944910635,True
Flavobacterium,0.005759027008666938,0.010585027295259343,12.82555609883103,True
Luedemannella,0.005798468865624879,0.010627834299668999,-3.4069359171991196,True
Glycomyces,0.00582684393204887,0.010650175853578213,8.838596503694081,True
Dyadobacter,0.005868531905439493,0.010696659262546223,11.737152280833708,True
Desmonostoc PCC-7422,0.006127175213609991,0.011137241134130867,10.553099119026564,True
Acaricomes,0.0062080632280240985,0.011253183482203463,3.964950390874463,True
Nesterenkonia,0.0062699398727899475,0.011334122077735674,4.051288020639598,True
Virgisporangium,0.006294667246028711,0.01134764670653943,-3.274654631823308,True
Parasegetibacter,0.006313322057214395,0.01135018009193189,7.31124451172309,True
Candidatus Solibacter,0.006481230356866481,0.011620298568986769,-4.0703285276358745,True
Siccirubricoccus,0.006521009907743558,0.011659849237215384,3.792207932104903,True
Candidatus Chloroploca,0.006696311481750141,0.01194084811650838,0.2050275878343991,True
Limibaculum,0.006743048287273764,0.011959368660447809,0.3020558965045683,True
Cereibacter,0.0067281076356180535,0.011959368660447809,3.944550476474589,True
Aquincola,0.0070166276601550176,0.012411131721456994,3.9177322595284663,True
Luteolibacter,0.007202946355908771,0.01270653807557097,10.754749867211842,True
Methylorosula,0.007307530678126224,0.012822280496552147,3.8270702011835587,True
Tsukamurella,0.007307530678126224,0.012822280496552147,3.8270702011835587,True
EcFYyy-200,0.00780941220283612,0.013666471354963211,3.7896303066756705,True
Ahniella,0.00790911517671946,0.013804238159897625,8.615008346466864,True
Pseudaminobacter,0.007973154861831007,0.013879195500224345,-1.1158828868039106,True
Marinilactibacillus,0.008311716567186588,0.014377041709556688,4.073510434965839,True
Sva0996 marine group,0.008301010127295361,0.014377041709556688,3.819290320801458,True
Aridibacter,0.008324700442767625,0.014377041709556688,-3.7224278700084388,True
Methylotenera,0.00862058126265139,0.0148490640597503,10.27394532220837,True
Bacteriovorax,0.00872682288004941,0.014992818420554862,4.040856002647285,True
Jeotgalibacillus,0.008975587387146367,0.015380042970683098,4.261195252526877,True
Salipaludibacillus,0.009132847753890842,0.015608867070286166,3.968872215329934,True
Pseudorhizobium,0.009487085163935857,0.016172285072201538,8.031670207236573,True
Flavihumibacter,0.009558582690017497,0.0162520604910375,3.4386281573627984,True
Variovorax,0.009935899528773415,0.016850056417352852,10.718357424279223,True
Frigoribacterium,0.010006983201669147,0.016926979297424934,4.191882826119259,True
Labilithrix,0.010234094653368997,0.017266754569017436,4.132742980394635,True
Geomicrobium,0.010583751753265015,0.017811019574548285,3.7132076152653535,True
Thalassobaculum,0.011226378155008234,0.018844277617335252,-0.2675390864827389,True
Paenarthrobacter,0.011888063377507165,0.01990418753791276,11.470335260363704,True
Deinococcus,0.011967735568963458,0.019986725899436432,4.0801445257367135,True
Arcticibacter,0.012226010040543427,0.02036636609285462,9.581894401871597,True
Pedosphaera,0.012283254974362607,0.02041005498265302,3.6145442398080725,True
Rhizobacter,0.012755152868817633,0.02108766479317086,9.658303334475745,True
Anaerosalibacter,0.01272391855022226,0.02108766479317086,3.815679634461084,True
Azospirillum,0.01293320289639828,0.02127511876457517,-2.77948965100567,True
Pyxidicoccus,0.012930359100680876,0.02127511876457517,4.082454866815984,True
Legionella,0.013175498572406808,0.021619646036517906,7.320495342729554,True
Dongia,0.013248885446514955,0.021685986626385177,-3.674980401767746,True
UBA6140,0.01342736349960905,0.021923586061396414,9.547177530758248,True
Solitalea,0.013557784927897009,0.022081738818208494,3.6946493140122776,True
Filibacter,0.013759249755518116,0.02235453417069363,4.06872065992864,True
Defluviicoccus,0.014360085782558533,0.02327324247518107,-3.1692157789074673,True
Telluria,0.014467951723486075,0.023390447749518026,4.122560272955133,True
Tuwongella,0.015536487386806358,0.025056393873820058,-1.3554591344286748,True
Coxiella,0.015802557347582867,0.025412353172488748,4.04084071998298,True
Piscibacillus,0.015834444985897242,0.025412353172488748,4.143856669359706,True
Belnapia,0.016353435190507724,0.026181412056822586,4.208443704507663,True
Filomicrobium,0.016543466214273418,0.026421361089786186,3.9435792353645156,True
Bavariicoccus,0.01697185802061597,0.027039909388777986,4.681831726480466,True
Falsibacillus,0.017622948537662535,0.02800942062266171,4.58704933433995,True
JCM 18997,0.018458581964867927,0.029266860079236373,8.60646275069098,True
Lechevalieria,0.01858266829654601,0.02939277821905595,2.533261715790467,True
Citrifermentans,0.0188506933253249,0.029745218724373582,4.271224968067291,True
Symbiobacterium,0.0193250454646394,0.030420765348642884,3.7710027505738317,True
Jahnella,0.019834909299183648,0.03114885517628363,8.498819292291932,True
Fontimonas,0.02007351501866942,0.03144850686258209,4.425412031805036,True
Aquicella,0.0201802582305098,0.03154064112987042,4.559459592864008,True
Pseudofulvimonas,0.02042454297899165,0.03184679924212442,4.370436018258221,True
Actinotalea,0.020527096164020535,0.03185572942435262,4.615712359539911,True
Verrucosispora,0.02050532208067074,0.03185572942435262,4.820858479676056,True
Limnohabitans,0.02102621429154614,0.03255352706785261,8.624221821142354,True
Algoriphagus,0.021419627158721786,0.033084776221687644,10.149058271660408,True
Pseudolabrys,0.021735690413723252,0.03349434260475386,-2.4241114745252905,True
Actimicrobium,0.022135023876028597,0.03403001334211873,4.611973022865898,True
Tundrisphaera,0.022886721821094386,0.03510364325939419,4.398329452999635,True
1959-1,0.023306136998608694,0.035663809639731446,3.9410697652380584,True
Hydrogenophaga,0.02641959074061912,0.04033431718637443,9.424623935880037,True
Hirschia,0.026588131691318666,0.04049766354835112,-2.766216009289444,True
Parablastomonas,0.027270300361261265,0.04144077976376423,1.2457874087327896,True
possible genus 04,0.02797999659716834,0.04242128516344878,6.79276807516661,True
Herbinix,0.028275328347611137,0.042770496672938224,4.063656295568878,True
Neochlamydia,0.02870524719325723,0.0433212216815671,4.460684649577849,True
Haladaptatus,0.029163184519480526,0.04391161421926359,4.1014946436241395,True
Nostoc,0.029370793610879506,0.04412324702273679,5.027603225660408,True
Janthinobacterium,0.031232947013111082,0.04681384768707766,8.197852161635863,True
Kitasatospora,0.032124010995711355,0.048039998261768344,4.993950686367456,True
Gordonia,0.033121769695074105,0.04941978335455501,4.705705066356997,True
Planomonospora,0.03349083897007764,0.04985740281065857,-0.49584543056202873,True
Methylophaga,0.033632566528497894,0.04995536969695624,5.223078004274367,True
Pontibaca,0.03426081703475356,0.05067177130212948,4.465394241524494,False
Actinoalloteichus,0.034268903084266895,0.05067177130212948,4.953270800845013,False
Methylobacillus,0.034377096097192014,0.05071777854697835,9.339800069464806,False
Melghirimyces,0.035753444066229975,0.05263034943082622,7.07881461085692,False
Ferrovibrio,0.03664733600550597,0.05377019862357555,-2.4630481047254467,False
Flavitalea,0.036691214562287876,0.05377019862357555,7.7723850953542915,False
Nonomuraea,0.036927862080896746,0.05399674055384458,-0.765267507887785,False
Phyllobacterium,0.03771736916353046,0.055028888934818276,9.90187047168898,False
Clostridium sensu stricto 8,0.03829497812794848,0.05574799913316393,-3.0060466157729158,False
Sedimentibacter,0.03848357443429009,0.055898878538107905,4.58951365532613,False
Clostridium sensu stricto 1,0.03995037549285777,0.05790164553810664,-0.41869910450170006,False
Rhodovastum,0.040111207582617554,0.058006977119477686,4.645777519005657,False
Paracoccus,0.04088063357053521,0.058990037038184576,2.720180453106336,False
Porphyrobacter,0.04170120385662073,0.060042433561611465,8.469044419401914,False
Taibaiella,0.04360405521249524,0.06264512735768966,7.866219700712643,False
Brevundimonas,0.04446567159500297,0.06374381679632234,1.8750452998934124,False
Shinella,0.04465962430444874,0.06388267998332015,1.780571766042419,False
Candidatus Alysiosphaera,0.045031744607382296,0.06427524501444154,-3.059864829132527,False
Pelagibacterium,0.04611635053555738,0.06568086288397566,4.982731715845803,False
Rugamonas,0.04655697292166885,0.06616520125800886,5.2895411200012905,False
Nakamurella,0.04723239212178975,0.06698041813822771,3.422685623598975,False
Nocardiopsis,0.0477104788338179,0.06751289262935951,8.680936083258683,False
Euzebya,0.04921669636888938,0.06949482019469788,4.473386289724912,False
Pseudonocardia,0.051961053992260205,0.07321279127817391,-0.32517927706337474,False
JGI 0001001-H03,0.052416770583207074,0.07369708342681677,-2.6586079872470547,False
Methylobacterium-Methylorubrum,0.05294207143532014,0.07420862744941105,-3.395427213816844,False
Rheinheimera,0.053118941532937086,0.07420862744941105,5.3115485374970985,False
Povalibacter,0.05301578584527489,0.07420862744941105,4.452730447788376,False
Ureibacillus,0.05377786225022128,0.07496998593357118,4.932040332979015,False
Chelatococcus,0.05424766667201213,0.07546504158601265,0.9043877494838908,False
BIyi10,0.05628170124550616,0.07812945025220054,8.63371111642577,False
Enterococcus,0.056769519589001526,0.07831099347916773,5.7260168139953445,False
Kroppenstedtia,0.05674395414565335,0.07831099347916773,4.863222880045389,False
Catellatospora,0.05667503825488602,0.07831099347916773,8.271509238323892,False
Luteibacter,0.058440496868074746,0.08044737853387694,5.018608270425129,False
Incertae Sedis,0.059669454915236037,0.08196764370401945,5.2121923640739665,False
Parapedobacter,0.06052619003360577,0.08297131883773458,4.7488914578431425,False
Cryptosporangium,0.06257352502149378,0.0855995415054946,-1.9144045719977365,False
Roseimaritima,0.06522552199980867,0.0890423101159214,4.556574460599612,False
Sphaerisporangium,0.06611843186429997,0.09007438543832169,5.0055399987456495,False
Ferruginibacter,0.06669216819282536,0.09066827824561795,7.470131536515268,False
Alterococcus,0.0684246187657735,0.09283175082036901,4.660249994112735,False
Oerskovia,0.06856997401891964,0.09283753684043028,5.125281340148073,False
Ensifer,0.07066188163294519,0.09547334315087873,-3.777874185960277,False
Actinopolymorpha,0.0722409705279768,0.09740688239223101,8.070985201294175,False
Limnochorda,0.07288313865892071,0.09807046814501419,4.755218817736514,False
Verrucomicrobium,0.07303119968245737,0.09807046814501419,7.911024968267163,False
Fluviicola,0.07566599697801167,0.10140168230454517,8.022542249298484,False
Caldalkalibacillus,0.0766822686202993,0.10255474136617262,4.741764533627964,False
Planomicrobium,0.07927828013197846,0.10581157875627147,10.902242918589375,False
Tunicatimonas,0.08232315027351474,0.10965310299589615,7.319043757367943,False
Paucibacter,0.08480376540456615,0.11272904572970611,6.037202852188963,False
Candidatus Omnitrophus,0.08583471120558797,0.11386943542999373,4.9318973884657815,False
Ellin6055,0.09036434755287125,0.11963730521084362,-3.008073414170332,False
Romboutsia,0.092401996428524,0.12208938483929475,4.863712301950829,False
Thiobacillus,0.0925949199267834,0.12209911284934565,5.5326553594775065,False
Anaerocolumna,0.09408289190639124,0.12381308574881086,7.669243272814886,False
Pseudoduganella,0.09488073855392523,0.12461382428838882,8.114880268054137,False
Aureimonas,0.09538521762454602,0.12502683903775155,-0.13948812208754222,False
Advenella,0.09748331932932079,0.12752291077274966,5.407376119506626,False
Williamsia,0.09850296942150714,0.12860109896696767,5.542016874567103,False
Leucobacter,0.10050404829661301,0.13095378966172547,2.8272595075798743,False
Halocella,0.1051807510401252,0.1367765497715462,4.748168823919366,False
Fictibacillus,0.10741087286122553,0.13940109337807968,7.604486046778384,False
Aetherobacter,0.10852682346024871,0.1405721453481174,7.795499330331174,False
Actinomadura,0.11010200538214983,0.1423322584311485,0.9395895366798602,False
Pseudenhygromyxa,0.1111250849404307,0.14337314880549687,5.3949076261821265,False
Caldicoprobacter,0.12042397974626574,0.15506649446779425,5.230571400138467,False
Prosthecobacter,0.12136234531336136,0.15596957659412455,5.538198294117549,False
Candidatus Berkiella,0.1221131832171095,0.15631515834623516,5.010238810861653,False
Chryseobacterium,0.12213393813036857,0.15631515834623516,8.560813392162434,False
Turicibacter,0.12234393092448496,0.15631515834623516,5.257568694399503,False
DSSF69,0.12398840672629918,0.157994149741154,1.6634759597859785,False
Labrys,0.12413826051090672,0.157994149741154,-0.9232099685792942,False
Lysinimonas,0.12495503107882802,0.1587266611001329,4.7493811192887625,False
Cellulomonas,0.1278809803691925,0.1621304144179743,8.574405847991738,False
Rubrivirga,0.12816260346223393,0.16217498668874986,4.929383097281212,False
Desulfohalotomaculum,0.1301119789071107,0.1643256854527425,4.824309698498512,False
Phenylobacterium,0.1309442761257034,0.16506002622741922,-2.3636027511247217,False
Citrobacter,0.13121603406186236,0.16508632966100464,6.729226515913754,False
Asticcacaulis,0.13221492663559686,0.16602561398134108,-0.4647543833513041,False
Armatimonas,0.13269081844032093,0.1663058257785356,3.0223124249202216,False
Unclassified,0.1333873359968168,0.16686096404164533,-0.3621790151578854,False
Planobispora,0.13400837621511122,0.16731975626099277,-0.7466277624572303,False
Corynebacterium,0.13655986156313651,0.17018255475102997,5.5785626699862,False
Sporichthya,0.13683230988282002,0.1701997351661542,2.096470058708319,False
Lacibacter,0.13954259539004965,0.1732434486163258,9.540324735789651,False
Pseudoflavitalea,0.14235362521483627,0.1764005374601926,7.40190163859118,False
Methylocella,0.1472380289265956,0.18211019367236825,5.2865494154675545,False
Bryobacter,0.15237539125697425,0.1881107081558894,-2.7468643477059795,False
Clostridium sensu stricto 12,0.15309975492671618,0.1886510088797364,0.520505558019254,False
Aliihoeflea,0.15363812085761522,0.18896052995198284,7.045743653226269,False
Pseudorhodoferax,0.15447286431408408,0.18963273268408082,8.796445549291915,False
Iamia,0.15599646528593783,0.19114650681219197,-0.32777709470602573,False
Planctomicrobium,0.16439108542748976,0.20105824202841685,6.374966668588981,False
Clostridium sensu stricto 13,0.16697387178064074,0.20383823308286012,-2.4755191204049822,False
Duganella,0.1723606948967607,0.21002469859642323,7.135784894341252,False
[Rhizobium] sphaerophysae group,0.17946198648061448,0.21827354363076587,2.3054508224018644,False
IMCC26134,0.18265731270087293,0.22175002169220367,7.53895535627729,False
Rubrivivax,0.18545470958637075,0.224731489701348,5.789617196510425,False
Sporacetigenium,0.1906055454501721,0.23012559432332705,-5.73094626842281,False
Arsenicitalea,0.1904402230114738,0.23012559432332705,8.331648541252603,False
Puia,0.19561827093313483,0.23574509573993171,5.9342183868968545,False
Truepera,0.200796373281865,0.2415429865072526,3.6225997951671185,False
Subtercola,0.20156589785798995,0.24202620582218504,5.884435515847594,False
Tepidibacillus,0.20390189908500497,0.24438515409459613,7.1442353645904975,False
Alkalibacillus,0.20507134860882795,0.24533990433565234,5.676348974134124,False
Chloronema,0.20641303227099433,0.24649686975374643,-2.3709626550202207,False
Actinoplanes,0.22050275999082708,0.26284568129341346,-1.658007752412247,False
Nitrococcus,0.22383307463082058,0.2663330255100903,5.554123368736331,False
Allorhizobium-Neorhizobium-Pararhizobium-Rhizobium,0.23033971488933971,0.27358038338842156,-3.215141637968925,False
Cerasibacillus,0.2384426183238486,0.2826941312740403,6.967038114520288,False
Crossiella,0.2394810644832694,0.2834146410611354,-0.3985204256859109,False
Couchioplanes,0.24685279730426243,0.2916142560614088,-1.4643699593103794,False
Exiguobacterium,0.2491074399724541,0.29375035036178276,7.794011426024411,False
Micromonospora,0.25790171213588764,0.30357661285405024,-0.0034181951887834305,False
Isoptericola,0.2638702188696635,0.3100475071718546,-1.3722396895207645,False
Citricoccus,0.26538298105354524,0.3112691649433739,5.697543006139153,False
Actinophytocola,0.27339106615425185,0.32009131944750485,0.35880784638276975,False
Saccharomonospora,0.2775249425951834,0.3243541957862001,5.552745276675854,False
Geminicoccus,0.27832955411734533,0.3247178131369029,1.321484366993201,False
Tolypothrix,0.27895782863556845,0.32487478095965316,4.16197256017384,False
Methylophilus,0.2820431097647675,0.3278795644483116,5.7740671387612945,False
Longimicrobium,0.2825345183012047,0.3278795644483116,3.2202750735608014,False
Altererythrobacter,0.2840909806374523,0.3291053965835275,-1.7645899411475656,False
Patulibacter,0.2859196096238817,0.3306416575263869,6.82365896395156,False
Spirillospora,0.2939511429926789,0.3393330738406714,1.4422099548550023,False
Rhodoferax,0.29842339001100515,0.34389245293737547,6.475558782095678,False
[Polyangium] brachysporum group,0.3015149806269599,0.34684765253940497,5.854930892907937,False
UTBCD1,0.3156282752644039,0.36244922360205545,7.091698482384557,False
Reyranella,0.32194748186397104,0.3689249230338799,-2.1131502663493174,False
Geodermatophilus,0.32294947669835083,0.3689249230338799,-2.0286916995837236,False
Stenotrophomonas,0.3226810882626259,0.3689249230338799,10.688914869020058,False
Herminiimonas,0.326990897246468,0.3728942987663361,6.7299194801313025,False
Microvirga,0.3280903328765499,0.37350075957226614,-0.41444021024770306,False
Herpetosiphon,0.33038756732010655,0.37546635457103644,-0.9514739134121912,False
Azotobacter,0.3344883771409472,0.3794712968254194,9.380615166009521,False
Pseudorhodoplanes,0.34469522932246094,0.3903777295941124,0.9412300861893804,False
Desulfosporosinus,0.3457182189088019,0.3908635533367554,5.466298388187512,False
Frondihabitans,0.35369971895294977,0.3992013980635351,7.10988800035865,False
ADurb.Bin063-1,0.359934040064068,0.4055421204831451,5.53489595892749,False
Allokutzneria,0.3752040781001918,0.42188493179793457,3.713234608547831,False
Rhodomicrobium,0.3757212310540876,0.42188493179793457,-1.7756092306931597,False
Polycyclovorans,0.37851115881126157,0.4242935988037651,6.970992661709536,False
Nitrosomonas,0.38522784140453237,0.43108829871459575,5.425017413034332,False
Cupriavidus,0.39653089012945597,0.4429835750512428,7.037891811817662,False
Glutamicibacter,0.3993548541759715,0.44538219330133766,11.77696692038103,False
Brevibacterium,0.4105020403874189,0.45687768289930475,6.121446568173466,False
Tahibacter,0.41105104601274833,0.45687768289930475,6.567931231670277,False
Acinetobacter,0.41452211503496056,0.4599587718263138,3.449907717196545,False
Azoarcus,0.43818117520950456,0.4853926149627172,8.333276137853703,False
Yersinia,0.4691073610087707,0.5187775521744052,10.016980482511283,False
Sinibacillus,0.47922211254782365,0.529074077275953,6.564766794148156,False
Leptolyngbya EcFYyyy-00,0.4846045655311694,0.534120274907051,-0.21307741950564796,False
Rhizorhapis,0.4884719581987892,0.5374825225665607,2.165231552112667,False
Polaromonas,0.5059158779141659,0.5557473249875146,6.581806003046012,False
Oxalophagus,0.5124255390386638,0.5619600078124013,6.292425400308176,False
Blastopirellula,0.5243426739431052,0.5731187366354871,-0.015308942898063,False
Rathayibacter,0.5240940504618516,0.5731187366354871,6.540318854319327,False
Piscinibacter,0.5276661033240033,0.5757948523834066,8.059180623061101,False
Ochrobactrum,0.5332849518978868,0.5809627456106118,-3.8834058858867535,False
Minicystis,0.5497864243726152,0.5972222817408539,5.637924968128005,False
Seinonella,0.55002538409568,0.5972222817408539,7.007970790027622,False
Hassallia,0.5523890232687476,0.5988006215994003,6.049606922027872,False
Tardiphaga,0.5571916697261146,0.603013353091749,7.955482758005953,False
Haloactinopolyspora,0.5762190091668136,0.6225814581802354,6.049662206981429,False
Pseudoclavibacter,0.5927697389041817,0.6383674111275803,8.108065743345405,False
Salirhabdus,0.5919613483640378,0.6383674111275803,3.949560770049877,False
Kaistia,0.6068031963386857,0.6524125869131622,6.437783025518451,False
Nostoc PCC-8976,0.6254398698725856,0.6713530740231016,6.202022861900532,False
Methylibium,0.627919716570656,0.6729172206897258,7.635076034065674,False
Nitrolancea,0.6300204130035976,0.6740706207420605,0.6483933392343939,False
Klenkia,0.6434732234303623,0.6873463977551597,6.555860926287697,False
Crocinitomix,0.6447459982254188,0.687589735546719,6.145308156446239,False
Kineosporia,0.6609840717309452,0.703766212296055,7.594592851084822,False
Cystobacter,0.6656404360063607,0.7064377530519118,7.1669146079843795,False
Salinarimonas,0.6652831406275327,0.7064377530519118,6.137024431207402,False
Cnuella,0.6774207120001292,0.7177823325218761,6.519349575253243,False
Brachybacterium,0.6839086951417928,0.7234918350535363,7.463526743781022,False
Paraclostridium,0.6898776778587081,0.7286348507721188,5.970243558968178,False
Virgibacillus,0.6958621522705893,0.733777718259692,7.472457288408928,False
Niabella,0.7000450533785223,0.7358301040304596,6.1334360321551715,False
Methyloceanibacter,0.6996778519960776,0.7358301040304596,1.9196142746579692,False
Hymenobacter,0.7118886880396946,0.7470857364116731,6.402834378060108,False
Actinosynnema,0.713131022466537,0.7471977910557028,7.969244119660605,False
Sphingopyxis,0.7279963608111959,0.7615605809439855,-2.775457423646829,False
Rhodoplanes,0.7366863733528672,0.7674348695572802,-1.021390878227092,False
Cytophaga,0.7363950401909853,0.7674348695572802,6.954968025312588,False
Thermobacillus,0.7371106953802449,0.7674348695572802,6.686609843378696,False
Klebsiella,0.7421480862200611,0.7714588321213274,2.717803061935897,False
Amycolatopsis,0.7474024802761299,0.7756953186462042,2.9219980785266277,False
Plot4-2H12,0.7512336508551153,0.7784436886026234,-0.3841698590100118,False
Sphingomonas,0.8050391466708032,0.8328864127506109,-2.100581007243835,False
Longispora,0.813094813306219,0.8399001368218086,-0.5088151238624571,False
Diplosphaera,0.8151464605159141,0.8406996410963502,6.059417565901162,False
Nostoc PCC-7107,0.817753417503788,0.8416126915775785,3.6211336308549344,False
Nibribacter,0.8185898519903498,0.8416126915775785,7.109350489053166,False
Bauldia,0.8280508613016662,0.8500116485748773,-0.044545733915775786,False
Falsirhodobacter,0.8355713435553584,0.8563955514944328,7.860802690034683,False
Planifilum,0.8404163598426676,0.8586862807088126,7.610124273361188,False
Sphingobacterium,0.8397398100678675,0.8586862807088126,8.22103165686645,False
Chryseolinea,0.8417625238539462,0.858728280148677,6.012633460089318,False
Thermoactinomyces,0.8485989046172049,0.8643623517617969,7.31978388135355,False
Roseomonas,0.8719684890329413,0.8867933010566853,-1.8699098687455553,False
Rhizocola,0.8737774955517591,0.8872617161621257,1.6057252025329076,False
Pseudogracilibacillus,0.9327337875148268,0.9456684625342929,6.577915124044388,False
Pelagibius,0.9354509955201534,0.9469642385419399,-0.5192828178252464,False
Rubellimicrobium,0.9433165403493196,0.9534597289552261,-0.37594571500776375,False
Caldimonas,0.9452415794463978,0.9539401215885426,6.715232100383745,False
Ornithinibacillus,0.9568056037430339,0.9641318334807294,7.641517114888339,False
Gemmatirosa,0.9630764544971184,0.9689668303656023,6.237951139047926,False
Tepidimicrobium,0.9710998324476586,0.9740605026685356,6.282245080716824,False
Olivibacter,0.9701660136015676,0.9740605026685356,6.0558508563131905,False
Fontibacillus,0.9793174723906211,0.9808080621507286,6.820594896363267,False
Galbitalea,0.9841279250785795,0.9841279250785795,7.764426786234303,False
